Borough,Location Name,Type,latitude,longitude,Rating,Overall Sentiment Score,Negative Score,Neutral Score,Positive Score,Main Issues,Emotion Keywords,Review Count
Wandsworth,Bramford Community Gardens,Park,51.461652,-0.187019,4.0,0.5367693384488423,0.0,1.0,0.0,"Traffic, Cleanliness","walking (33), safe (15), tidy (9), parking (9), dead (3), dark (3)",10
Wandsworth,Wandsworth Common,Park,51.4563274,-0.1785586,4.6,0.7179198344548543,0.0,0.26666666666666666,0.7333333333333333,"Maintenance, Atmosphere, Aesthetics, Accessibility, General, Noise, Traffic, Cleanliness","walking (24), good (21), beautiful (18), easy (12), lovely (12), safe (12), parking (9), peaceful (9), maintained (9), relaxing (9), clean (9), great (9), far (9), dead (3), dark (3), convenient (3), lively (3), tidy (3), connected (1)",160
Wandsworth,Harrington Porter,Park,51.4531936,-0.1745382,5.0,0.7701554576555888,0.0,0.13333333333333333,0.8666666666666667,"Aesthetics, General","excellent (18), fantastic (18), beautiful (9), great (9), perfect (9), tidy (6), safe (3), roomy (3)",35
Wandsworth,Garratt Lane Old Burial Ground,Park,51.45561510000001,-0.1915499000000001,4.1,0.7259132385253906,0.0,0.2,0.8,"Maintenance, Atmosphere, Aesthetics, Comfort, Noise, Cleanliness","lovely (12), pleasant (9), maintained (9), quiet (9), safe (6), clean (3), calm (3), relaxing (3), ugly (3)",35
Wandsworth,PropertyJam,Park,51.4501406,-0.1866131,5.0,0.7639792395962609,0.0,0.3333333333333333,0.6666666666666666,General,"good (18), great (18), messy (12), fantastic (9), jammed (6), roomy (3), lighting (3), repaired (3), lively (2)",4
Wandsworth,Wandsworth Common,Park,51.45316469999999,-0.169008,4.5,0.7089829206466675,0.0,0.4,0.6,"Aesthetics, Accessibility, General, Comfort, Traffic","lovely (30), great (18), amazing (18), beautiful (18), pleasant (9), good (9), easy (9), parking (9), congested (9), pretty (9), walking (9), stunning (9), safe (3), messy (3)",2821
Wandsworth,Sterling Landscapes Ltd,Park,51.461505,-0.193698,5.0,0.7075432116786639,0.0,0.5,0.5,"Maintenance, Cleanliness, Accessibility, General","fantastic (18), easy (18), tidy (12), new (9), good (9), safe (3)",6
Wandsworth,Savills Wandsworth Estate Agents,Real Estate Agency,51.4576374,-0.1838081,5.0,0.7566111226876576,0.0,0.26666666666666666,0.7333333333333333,"Maintenance, Atmosphere, General, Cleanliness","tidy (9), great (9), fantastic (9), new (9), maintained (9), perfect (7), dead (3), dark (3), messy (3)",195
Wandsworth,Cineworld Wandsworth,Movie Theater,51.45393780000001,-0.1933645,4.3,0.6892174204190572,0.0,0.3333333333333333,0.6666666666666666,"Maintenance, Atmosphere, General, Accessibility, Noise, Comfort, Traffic, Cleanliness","good (27), excellent (18), awful (18), parking (12), clean (12), great (12), tidy (9), quiet (9), broken (9), uncomfortable (9), old (9), noisy (6), cars (3), safe (3), near (2)",2828
Wandsworth,William Hill,Point Of Interest,51.46026229999999,-0.1776821,2.4,0.4926430950562159,0.3333333333333333,0.4666666666666667,0.2,Atmosphere,"empty (9), noisy (3), tidy (3), calm (3)",7
Wandsworth,Element,Point Of Interest,51.460264,-0.1905036,5.0,0.7938670833905538,0.0,0.0,1.0,"Maintenance, Comfort, General","fantastic (21), amazing (18), wonderful (18), new (9), enjoyable (9), tidy (3), messy (3), perfect (3)",291
Wandsworth,Emanuel School,Secondary School,51.4568959,-0.173171,4.8,0.6101373354593913,0.26666666666666666,0.13333333333333333,0.6,General,"great (18), good (15), poor (9), amazing (9), excellent (9)",17
Wandsworth,Wandsworth Town,Transit Station,51.4608293,-0.1879681,4.0,0.5363945325215658,0.0,0.8,0.2,"Maintenance, Atmosphere, Aesthetics, Accessibility, General, Noise, Comfort, Traffic, Cleanliness","clean (27), good (21), busy (18), tidy (18), difficult (18), calm (9), beautiful (9), lovely (9), walking (9), old (9), stunning (9), modern (9), easy (9), near (9), great (9), peaceful (9), safe (9), uncomfortable (9), noisy (6), quiet (3)",85
Wandsworth,Wandsworth Town Hall,Transit Station,51.4573,-0.190255,4.0,0.0,0.0,0.0,0.0,,,3
Wandsworth,Wandsworth Town,Transit Station,51.4607615,-0.1879575,3.3,0.6063753843307496,0.06666666666666667,0.5333333333333333,0.4,"Aesthetics, Atmosphere, Comfort, General","pretty (9), pleasant (9), horrible (9), bad (9), busy (6), good (6), disappointing (5), walking (3), noisy (3)",9
Wandsworth,Huguenot Place / Alma Road (Stop SH),Transit Station,51.4578138,-0.1835432,4.0,0.3514149487018585,1.0,0.0,0.0,,,1
Wandsworth,Marcilly Road (Stop SE),Transit Station,51.458138,-0.180212,4.0,0.46885427335898083,0.0,1.0,0.0,,"parking (3), busy (3), good (3)",3
Wandsworth,East Hill / Alma Road (Stop A),Transit Station,51.457719,-0.1854154,5.0,0.6548908799886703,0.16666666666666666,0.3333333333333333,0.5,General,good (9),4
Wandsworth,Marcilly Road (Stop B),Transit Station,51.4595875,-0.1804402,4.7,0.3468230068683624,1.0,0.0,0.0,,"busy (3), lively (3)",3
Wandsworth,West Side (Stop F),Transit Station,51.4549611,-0.179158,5.0,0.2888122498989105,1.0,0.0,0.0,"Atmosphere, Noise","quiet (9), noisy (3)",1
Wandsworth,Southside Shopping Centre,Shopping Mall,51.4551102,-0.1939974,4.2,0.6414446393648784,0.13333333333333333,0.26666666666666666,0.6,"Atmosphere, General, Traffic, Safety, Cleanliness","amazing (18), great (18), good (14), busy (9), wonderful (9), clean (9), safe (6), cars (3), parking (3)",9077
Wandsworth,Immersive Gamebox - Wandsworth London,Tourist Attraction,51.4561331,-0.1927569,4.4,0.7493298729260762,0.0,0.13333333333333333,0.8666666666666667,"Maintenance, Aesthetics, General, Traffic","great (27), good (18), safe (12), terrible (9), worst (9), parking (9), amazing (9), noisy (6), tidy (6), dead (3), dark (3), disappointing (1)",88
Wandsworth,Wandsworth Prison Museum,Museum,51.4503499,-0.1765756,4.3,0.5861603339513143,0.0,0.6,0.4,"Maintenance, Atmosphere, General, Comfort, Traffic, Cleanliness","good (9), safe (9), maintained (9), cramped (9), busy (9), great (9), cars (6), parking (6), dead (3), dark (3)",23
Wandsworth,Gootopia,Tourist Attraction,51.45579619999999,-0.1937497,4.9,0.7932921648025513,0.0,0.0,1.0,"Atmosphere, Aesthetics, Accessibility, General, Noise","amazing (42), difficult (18), great (18), charming (9), loud (9), quiet (6), safe (3), ugly (3), good (3)",164
Wandsworth,Huguenot Burial Ground,Cemetery,51.4582336,-0.1835656,5.0,0.7005831599235535,0.0,0.0,1.0,"Aesthetics, Noise, Traffic","lovely (9), traffic (9)",1
Wandsworth,St Mary's Cemetery - Wandsworth,Cemetery,51.458505,-0.169836,4.3,0.5559818069140117,0.2,0.4,0.4,"Maintenance, Aesthetics, General, Cleanliness","charming (9), good (9), maintained (9), beautiful (9), safe (6), relaxing (3), walking (3)",8
Wandsworth,"Potter's House Church, Wandsworth",Church,51.4619148,-0.1734011,4.6,0.7743059158325195,0.0,0.2,0.8,"Maintenance, Aesthetics, Comfort, General","great (18), lovely (15), welcoming (15), fantastic (9), new (9), good (9), messy (3), safe (3), tidy (3)",27
Wandsworth,Ransom A.M.E. Zion Church,Church,51.4576792,-0.1694963,4.6,0.7046377122402191,0.0,0.3333333333333333,0.6666666666666666,"Maintenance, Aesthetics, Accessibility, General, Comfort, Traffic","welcoming (18), lovely (16), parking (9), bad (9), old (9), fantastic (9), modern (9), great (9), tidy (6), lively (3), near (3)",11
Wandsworth,Christ Church at All Saints Wandsworth,Church,51.4575046,-0.1951438,5.0,0.5613545663654804,0.25,0.5,0.25,"Comfort, General","excellent (9), fantastic (9), welcoming (9), great (9)",4
Wandsworth,"St Anne's Church, Wandsworth",Church,51.45491759999999,-0.1877603,4.5,0.6319388111432394,0.0,0.4,0.6,"Aesthetics, Atmosphere, General, Cleanliness","great (9), lovely (9), beautiful (9), lively (9), clean (6), roomy (3), awful (3), dead (3), dark (3), good (3), safe (3), relaxing (3)",66
Wandsworth,East Hill Baptist Church,Church,51.45718309999999,-0.1887637,4.6,0.7239410420258839,0.0,0.2,0.8,"Aesthetics, Comfort, General","great (27), lovely (27), welcoming (6), messy (3)",27
Wandsworth,The Salvation Army Wandsworth,Church,51.45805559999999,-0.1919444,4.6,0.5946607033411662,0.4,0.2,0.4,General,"great (18), wonderful (9), good (3), old (3)",10
Wandsworth,"Oratory of St Mary Magdalen Catholic Church, Wandsworth",Church,51.4584943,-0.1829662,4.6,0.6483938177426656,0.2,0.2,0.6,"Maintenance, Aesthetics, Atmosphere, Accessibility, General","old (18), beautiful (12), great (9), vibrant (9), stunning (6), lovely (3), near (3), noisy (3), peaceful (3)",44
Wandsworth,Saint John's Methodist Church,Church,51.4592197,-0.1805612,4.5,0.6725776334603627,0.0,0.26666666666666666,0.7333333333333333,"Comfort, General","comfortable (9), lovely (6), wonderful (6), fantastic (3)",12
Wandsworth,Holy Rock Chuch,Church,51.4574062,-0.1857484,5.0,0.0,0.0,0.0,0.0,,,1
Wandsworth,St Andrew’s & East Hill United Reformed Church,Church,51.4573609,-0.1858821,5.0,0.4505816300710042,0.3333333333333333,0.6666666666666666,0.0,Aesthetics,lovely (6),6
Wandsworth,Vineyard 61 Church - West Side,Church,51.45417579999999,-0.1821017,4.7,0.7497914671897888,0.0,0.2,0.8,"Aesthetics, Comfort, General","great (36), lovely (27), amazing (18), good (12), welcoming (12), fantastic (6), safe (3), lively (3)",13
Wandsworth,Igreja Evangélica Fé e Vida,Church,51.4571631,-0.1887831,4.8,0.6389351904392242,0.2,0.2,0.6,,"dead (12), old (9), easy (6), empty (6), noisy (4), peaceful (3)",17
Wandsworth,Wandsworth Quaker Meeting House,Church,51.45658280000001,-0.1917502,5.0,0.0,0.0,0.0,0.0,,,3
Wandsworth,Quakers Religious Society Of Friends,Church,51.4566269,-0.1917575,4.5,0.32596222559611004,1.0,0.0,0.0,,tidy (3),2
Wandsworth,Oake Room Gospel Hall,Church,51.4621272,-0.1741179,4.0,0.7785846590995789,0.0,0.0,1.0,General,excellent (9),4
Wandsworth,"St Mark's Church, Battersea",Church,51.4604982,-0.1702023,4.7,0.8594538927078247,0.0,0.0,1.0,"Maintenance, Aesthetics, Atmosphere, Accessibility, General, Comfort","welcoming (21), amazing (15), lovely (12), difficult (9), great (9), vibrant (9), modern (9), new (9), safe (3), good (3), noisy (3), roomy (3)",70
Wandsworth,"St Peter's Church, Battersea",Church,51.4654884,-0.1773156,4.8,0.7217190146446228,0.0,0.0,1.0,"Maintenance, Aesthetics, General, Accessibility, Comfort, Safety","great (36), welcoming (27), good (18), amazing (18), new (9), safe (9), excellent (9), beautiful (9), easy (9), busy (3)",24
Wandsworth,All Saints Wandsworth,Church,51.45758209999999,-0.1953249,4.6,0.7751398523648579,0.0,0.0,1.0,"Aesthetics, Accessibility, General, Comfort, Noise, Traffic, Cleanliness","wonderful (21), welcoming (9), good (9), traffic (9), beautiful (9), fantastic (6), grimy (3), near (3), clean (3)",17
Wandsworth,Riverside West Car Park,Parking,51.4626584,-0.1893962,4.1,0.6938945333162944,0.0,0.06666666666666667,0.9333333333333333,"General, Comfort, Traffic, Safety, Cleanliness","cars (39), safe (27), good (21), secure (18), tight (18), parking (15), excellent (9), great (9), clean (9), messy (6)",63
Wandsworth,NCP Wandsworth Southside 2,Parking,51.455706,-0.195478,3.7,0.6970479408899943,0.0,0.0,1.0,"Comfort, Accessibility, Traffic, General","parking (72), easy (9), good (9), walking (9), tight (9), noisy (3), messy (3), cars (3), safe (3)",157
Wandsworth,Sainsbury’s Car park,Parking,51.45461700000001,-0.1909948,4.3,0.4094136125511593,0.3333333333333333,0.6666666666666666,0.0,General,"good (9), safe (6), cars (3), parking (3)",7
Wandsworth,Wandsworth Sainsbury parking,Parking,51.4548842,-0.1912352,3.8,0.5142868240674336,0.06666666666666667,0.7333333333333333,0.2,"Safety, Accessibility, Traffic, General","parking (54), safe (18), secure (9), easy (9), great (6), noisy (3)",19
Wandsworth,YourParkingSpace Holiday Inn Express Wandsworth Car Park,Parking,51.4622182,-0.189086,3.7,0.6444802549150255,0.0,0.6666666666666666,0.3333333333333333,"Maintenance, Aesthetics, Accessibility, General, Comfort, Traffic","parking (18), noisy (12), fantastic (9), great (9), central (9), welcoming (9), far (9), worst (9), tidy (9), cars (3)",6
Wandsworth,Central London Car Storage,Parking,51.4624164,-0.1894342,5.0,0.8080987890561422,0.0,0.0,1.0,"Maintenance, Accessibility, General, Traffic, Safety, Cleanliness","secure (50), cars (27), excellent (27), parking (24), safe (21), central (18), clean (9), easy (9), good (9), great (9), convenient (9), maintained (9), security (9), vehicle (6), tidy (3), noisy (3), messy (3), cozy (3), dead (3), dark (3)",58
Wandsworth,Motorcycle Parking Bay,Parking,51.4507565,-0.18731,5.0,0.0,0.0,0.0,0.0,,,1
Wandsworth,Southside Car Park,Parking,51.4530924,-0.1932978,4.1,0.6068162540594737,0.0,0.6,0.4,"Aesthetics, Accessibility, General, Traffic, Safety, Cleanliness","parking (51), good (48), security (18), pretty (12), difficult (9), easy (9), clean (9), cars (6), tidy (3), near (3)",30
Wandsworth,Wandsworth Southside 1,Parking,51.4536408,-0.1938694,4.1,0.49601439634958905,0.0,0.8333333333333334,0.16666666666666666,"Maintenance, Atmosphere, Aesthetics, Traffic","parking (42), safe (30), new (18), active (18), cars (18), good (12), beautiful (9), tidy (6), walking (3), noisy (3)",7
Wandsworth,The Spit,Park,51.4616054,-0.1947133,4.2,0.4775628606478373,0.3333333333333333,0.5333333333333333,0.13333333333333333,"Maintenance, Atmosphere, Noise, General","great (9), old (9), peaceful (9), dead (3), dark (3), walking (3)",73
Wandsworth,South Park Netball Courts,Park,51.467462,-0.1934573,4.5,0.6459903657436371,0.0,0.2,0.8,"Maintenance, Aesthetics, General, Traffic, Safety","parking (35), safe (15), beautiful (9), perfect (9), walking (9), noisy (6), poor (3), lovely (3), peaceful (3)",16
Wandsworth,South Park,Park,51.4690816,-0.1944951,4.4,0.647932787736257,0.0,0.4,0.6,"Maintenance, Aesthetics, General, Traffic, Safety, Cleanliness","safe (36), lovely (18), good (18), maintained (15), parking (12), walking (9), great (9), perfect (9), clean (6), neat (3)",888
Wandsworth,Vicarage Gardens,Park,51.4736158,-0.17716,4.4,0.5045802930990855,0.2,0.4,0.4,Comfort,"pleasant (9), cozy (9), parking (3), walking (3)",45
Wandsworth,King George's Park,Park,51.4521109,-0.1947431,4.5,0.5919009109338125,0.0,0.8,0.2,"Maintenance, Atmosphere, Aesthetics, Accessibility, General, Noise, Traffic, Safety, Cleanliness","safe (27), parking (26), beautiful (15), clean (15), lovely (12), walking (10), fantastic (9), serene (9), peaceful (9), great (9), accessible (9), improved (9), convenient (9), busy (9), perfect (7), noisy (3), tidy (3)",1908
Wandsworth,Harbour Clubs Chelsea,Gym,51.4695253,-0.1842698,4.3,0.8642082691192627,0.0,0.0,1.0,"Maintenance, Accessibility, General, Comfort, Cleanliness","fantastic (36), great (18), clean (9), enjoyable (9), easy (9), welcoming (9), safe (6), lovely (3), messy (3)",730
Wandsworth,Clapham Junction Station,Transit Station,51.4646378,-0.169492,3.0,0.6382028083006541,0.2,0.2,0.6,"Maintenance, Aesthetics, Accessibility, General, Cleanliness","new (36), pretty (18), good (18), clean (12), safe (9), accessible (9), worst (9), improved (9), easy (9), busy (3), dead (3), dark (3), lovely (3)",84
Wandsworth,Clapham Junction,Train Station,51.4640143,-0.1700497,4.0,0.6497996846834818,0.0,0.4,0.6,"Maintenance, Atmosphere, Accessibility, General, Traffic, Safety, Cleanliness","busy (27), good (21), tidy (15), police (15), updated (9), accessible (9), great (9), easy (9), clean (9), central (9), noisy (3), near (3), walking (3), safe (3), messy (3)",1282
Wandsworth,Imperial Wharf,Train Station,51.4750534,-0.1826773,3.9,0.5989231109619141,0.2,0.4,0.4,"Maintenance, Aesthetics, General, Traffic, Safety, Cleanliness","clean (30), good (21), new (18), tidy (12), great (9), beautiful (6), secure (3)",96
Wandsworth,Ram Street,Transit Station,51.4582515,-0.1920985,5.0,0.0,0.0,0.0,0.0,,,1
Wandsworth,Shopstop @ Clapham Junction,Shopping Mall,51.4635724,-0.1689101,3.9,0.6383647660414378,0.0,0.6,0.4,"Accessibility, General","safe (12), great (9), near (9), amazing (9), awful (9), excellent (9), convenient (9), tidy (3), dead (3), dark (3), lovely (3), walking (3)",536
Wandsworth,Plantation Wharf Pier,Tourist Attraction,51.4669085,-0.1819872,4.6,0.5754364947477977,0.0,0.6666666666666666,0.3333333333333333,"Accessibility, General","easy (9), good (9), busy (3), central (3), walking (3)",19
Wandsworth,The Fairy House by Fairytale Friends,Tourist Attraction,51.4560787,-0.162461,5.0,0.7470326840877533,0.0,0.26666666666666666,0.7333333333333333,"Maintenance, Aesthetics, General, Traffic, Safety","beautiful (18), wonderful (18), lovely (18), perfect (16), safe (12), fantastic (12), old (9), great (9), flow (3), lighting (3), connected (3), charming (3)",341
Wandsworth,York Gardens,Park,51.46753570000001,-0.1775017,4.0,0.5788329859574636,0.0,0.8,0.2,"Maintenance, Atmosphere, Aesthetics, Accessibility, General, Noise","good (18), broken (9), parking (9), pretty (9), beautiful (9), quiet (9), far (9), plain (5), filthy (3), old (3), safe (3)",347
Wandsworth,Sundial,Tourist Attraction,51.46980310000001,-0.175847,5.0,0.42763054370880127,0.3333333333333333,0.6666666666666666,0.0,,,1
Wandsworth,Shillington Park,Park,51.46839190000001,-0.1661248,4.3,0.5797739923000336,0.0,0.6,0.4,"Atmosphere, Aesthetics, General, Noise, Traffic, Cleanliness","good (27), bad (18), noisy (12), walking (12), parking (11), lovely (9), quiet (9), great (9), rubbish (9), dead (3), dark (3), tidy (3)",118
Wandsworth,Wandsworth Park,Park,51.4625699,-0.2042393,4.6,0.6681287050247192,0.0,0.4,0.6,"Aesthetics, Atmosphere, Accessibility, General, Traffic","parking (33), walking (21), good (12), easy (9), great (9), beautiful (9), busy (9), lovely (9), tidy (3), safe (3), wonderful (3)",2133
Wandsworth,Fred Wells Gardens,Park,51.4724024,-0.1756642,4.3,0.65189448595047,0.0,0.26666666666666666,0.7333333333333333,"Maintenance, Atmosphere, Aesthetics, General, Noise, Traffic, Safety","busy (18), great (18), lovely (15), parking (12), good (9), quiet (9), security (9), upgraded (5), safe (3), new (3), walking (3), peaceful (3)",198
Wandsworth,Swaby Gardens,Park,51.44099989999999,-0.1832402,4.4,0.663811194896698,0.0,0.26666666666666666,0.7333333333333333,"Maintenance, Safety, General","good (18), parking (12), safe (12), old (12), great (9), lovely (3)",121
Wandsworth,Wandsworth Common,Natural Feature,51.444945,-0.1703269,4.7,0.5360893984635671,0.06666666666666667,0.6,0.3333333333333333,"Atmosphere, Aesthetics, General, Comfort, Traffic","great (24), lovely (21), cyclists (9), walking (9), calm (9), excellent (9), safe (9), pleasant (9), parking (3)",82
Wandsworth,Chelsea Harbour,Natural Feature,51.4749041,-0.1807261,4.8,0.0,0.0,0.0,0.0,,,4
Wandsworth,Wandsworth Cemetery,Cemetery,51.44429590000001,-0.1831909,4.2,0.5950654864311218,0.06666666666666667,0.6,0.3333333333333333,"Maintenance, Aesthetics, Atmosphere, General, Noise, Traffic, Cleanliness","maintained (27), busy (18), great (9), wonderful (9), good (9), peaceful (6), tidy (3), safe (3), walking (3), messy (3)",25
Wandsworth,St Michael's Wandsworth Common,Church,51.4541407,-0.1668746,4.4,0.5433232764403025,0.26666666666666666,0.3333333333333333,0.4,"Aesthetics, Atmosphere, Comfort, General","lovely (21), great (18), welcoming (15), attractive (9), tidy (6), inviting (3)",18
Wandsworth,Church of the Nazarene,Church,51.464929,-0.1718914,4.9,0.5055917302767435,0.25,0.5833333333333334,0.16666666666666666,"Accessibility, General","good (18), easy (12), bad (9), excellent (9), parking (3), amazing (3)",8
Wandsworth,St Andrew's United Reformed Church,Church,51.4611784,-0.1623919,5.0,0.0,0.0,0.0,0.0,,,1
Wandsworth,"Welsh Chapel, Clapham",Church,51.4628157,-0.1660437,4.9,0.5427041277289391,0.3333333333333333,0.3333333333333333,0.3333333333333333,"Maintenance, Aesthetics, General","lovely (9), wonderful (9), amazing (9), fantastic (9)",7
Wandsworth,"St Michael's Church, Southfields",Church,51.4497771,-0.2024538,4.5,0.7090769608815511,0.0,0.2,0.8,"Maintenance, Atmosphere, Aesthetics, General, Comfort","good (18), pleasant (9), excellent (9), great (9), wonderful (9), lovely (9), relaxing (9), modern (9), amazing (9), tidy (6), safe (6), messy (3), dead (3), dark (3), noisy (3)",42
Wandsworth,"Christ Church & St Stephen's, Battersea",Church,51.47023040000001,-0.1698282,3.8,0.5522106463710467,0.08333333333333333,0.6666666666666666,0.25,"Aesthetics, Comfort","beautiful (9), welcoming (9), tidy (6), safe (6)",10
Wandsworth,Broomwood Methodist Church,Church,51.4548527,-0.157636,4.0,0.5439502994219462,0.0,1.0,0.0,"Safety, Comfort, General, Cleanliness","spacious (9), clean (9), good (9), secure (6), connected (3)",7
Wandsworth,"St Stephen's, East Putney",Church,51.45851510000001,-0.2063648,5.0,0.6626167098681132,0.0,0.5,0.5,"Comfort, Accessibility, Traffic, General","easy (9), welcoming (9), great (9), flow (3)",2
Wandsworth,"Redeemed Christian Church of God, Beautiful Gate, Battersea",Church,51.4719999,-0.173683,3.0,0.652603805065155,0.0,0.0,1.0,,"tidy (3), noisy (3)",2
Wandsworth,Our Lady of Perpetual Help Church,Church,51.4726033,-0.1865963,4.8,0.6120344996452332,0.0,0.4666666666666667,0.5333333333333333,"Maintenance, Aesthetics, Atmosphere, General, Comfort, Noise, Cleanliness","beautiful (24), welcoming (9), peaceful (9), good (9), maintained (3), safe (3)",24
Wandsworth,St Thomas à Becket Church,Church,51.45687539999999,-0.2010376,4.7,0.6139874776204427,0.2,0.2,0.6,"Maintenance, Atmosphere, Aesthetics, General, Comfort, Noise","beautiful (36), welcoming (27), lovely (15), loud (9), uncomfortable (9), good (9), music (9), peaceful (9), excellent (9), tidy (6), old (6), updated (3)",34
Wandsworth,"St Andrew’s Church, Earlsfield",Church,51.440259,-0.1864904,4.5,0.544632210334142,0.2,0.26666666666666666,0.5333333333333333,"Maintenance, Aesthetics, Comfort, General","lovely (18), welcoming (15), beautiful (9), great (9), safe (9), new (9), messy (3), relaxing (3), loud (3)",22
Wandsworth,"St Barnabas Church, Southfields",Church,51.4425621,-0.1978801,4.4,0.6350502292315165,0.0,0.4,0.6,"Maintenance, Aesthetics, General, Noise, Safety, Cleanliness","lovely (15), safe (15), clean (9), modern (9), wonderful (9), music (9), beautiful (9), perfect (7), lighting (3), lively (2)",55
Wandsworth,"Sacred Heart of Jesus Catholic Church, Battersea",Church,51.4738814,-0.1727527,4.8,0.6815384507179261,0.06666666666666667,0.3333333333333333,0.6,"Aesthetics, Comfort, General, Accessibility","good (27), wonderful (18), lovely (15), enjoyable (9), safe (9), excellent (9), great (9), near (9), perfect (7), parking (3), accessible (3)",72
Wandsworth,St Barnabas' Church,Church,51.4614168,-0.160916,4.4,0.6785269836584727,0.06666666666666667,0.26666666666666666,0.6666666666666666,"Maintenance, Aesthetics, Atmosphere, Accessibility, General, Comfort","wonderful (18), beautiful (9), fantastic (9), lovely (9), vibrant (9), lively (9), connected (9), new (9), welcoming (6), near (3), loud (3), walking (3)",37
Wandsworth,FYCO Limited,Car Wash,51.4574364,-0.1972783,2.3,0.6222255945205688,0.0,0.4666666666666667,0.5333333333333333,"Maintenance, Atmosphere, General, Traffic, Cleanliness","clean (23), dirty (18), tidy (12), busy (9), broken (9), good (9), cars (8), great (6), noisy (3)",9
Wandsworth,Solo Motorcycles Only,Parking,51.4635632,-0.1698234,5.0,0.0,0.0,0.0,0.0,,,1
Wandsworth,Car Park - Clapham Junction Station | APCOA,Parking,51.46550620000001,-0.1703053,3.6,0.5719304541746776,0.26666666666666666,0.26666666666666666,0.4666666666666667,"Accessibility, General, Comfort, Traffic, Cleanliness","accessible (9), clean (9), comfortable (9), dirty (9), filthy (9), parking (9), good (9), busy (6), roomy (3), broken (3), neat (3), near (3), new (3), noisy (3)",14
Wandsworth,JustPark,Parking,51.46537,-0.16496,3.5,0.4456091473499934,0.5,0.5,0.0,"General, Traffic","good (9), parking (6), tidy (6), vehicle (6), dead (3), dark (3), messy (3), cars (3), safe (3)",2
Wandsworth,Bishops Park,Park,51.4716726,-0.2171168,4.6,0.6027852137883504,0.0,0.4666666666666667,0.5333333333333333,"Aesthetics, Accessibility, Traffic, General","parking (30), walking (28), lovely (27), safe (21), far (9), good (9), pretty (9), relaxing (6), updated (3)",3285
Wandsworth,Latchmere Recreation Ground,Park,51.4718856,-0.1616379,4.2,0.5779040058453878,0.0,0.8,0.2,General,"good (18), great (9), noisy (6), parking (6), walking (3), amazing (3), safe (3)",94
Wandsworth,Garratt Park,Park,51.435893,-0.1884329,4.3,0.5939609805742899,0.0,0.6,0.4,"Atmosphere, Aesthetics, General, Noise, Cleanliness","wonderful (18), parking (15), good (12), relaxing (10), clean (9), beautiful (9), serene (9), quiet (9), fantastic (9), gorgeous (6), safe (3)",270
Wandsworth,Battersea Park Playground,Park,51.47621179999999,-0.1612617,4.8,0.7636710484822591,0.0,0.2,0.8,"Maintenance, Aesthetics, General, Accessibility, Traffic, Safety, Cleanliness","parking (19), pedestrian (18), good (18), safe (15), clean (12), lovely (10), dark (9), easy (9), excellent (9), poor (6), lighting (3), old (3)",734
Wandsworth,Fulham Palace Walled Garden,Park,51.4695005,-0.2135814,4.7,0.7703872680664062,0.0,0.2,0.8,"Maintenance, Aesthetics, Atmosphere, Comfort, Traffic","beautiful (27), relaxing (12), gorgeous (9), safe (9), lovely (9), new (9), pleasant (9), vibrant (9), walking (4), flow (3), lively (3), good (3), dead (3), dark (3)",60
Wandsworth,Wimbledon Park,Park,51.43818439999999,-0.2092757,4.6,0.5712493975957235,0.2,0.26666666666666666,0.5333333333333333,"Maintenance, Aesthetics, Atmosphere, General, Cleanliness","parking (12), charming (12), perfect (12), serene (9), maintained (9), great (9), lovely (6), tidy (6), safe (6), messy (3)",4293
Wandsworth,Hurlingham Park,Park,51.4689986,-0.2014554,4.4,0.6141202270984649,0.0,0.6,0.4,"Maintenance, Aesthetics, Atmosphere, Accessibility, General, Traffic","parking (21), modern (18), amazing (18), beautiful (9), great (9), busy (9), wonderful (9), cars (9), near (9), safe (6), messy (3), walking (3), flow (1)",514
Wandsworth,Eel Brook Common,Park,51.4768167,-0.195155,4.4,0.6400172154108683,0.0,0.3333333333333333,0.6666666666666666,"Maintenance, Atmosphere, Aesthetics, General, Traffic","parking (21), great (18), busy (18), good (18), lovely (18), new (12), calm (12), safe (9), old (9), fantastic (9), bikes (9), amazing (6), walking (6), tidy (6), noisy (3), neat (3), near (3), far (3), flow (3), cars (3), cozy (3), protected (3)",1537
Wandsworth,Ropers Gardens,Park,51.48276329999999,-0.1716946,4.3,0.5898254752159119,0.0,0.6666666666666666,0.3333333333333333,"Maintenance, Aesthetics, General, Cleanliness","lovely (18), gorgeous (9), old (9), great (9), safe (3), clean (3), noisy (3)",95
Wandsworth,Battersea Square,Transit Station,51.4752022,-0.1753624,3.0,0.3959701508283615,0.3333333333333333,0.6666666666666666,0.0,,lively (2),2
Wandsworth,Southfields,Subway Station,51.4450087,-0.2065149,4.3,0.4948314905166626,0.2,0.4,0.4,"Maintenance, Atmosphere, Accessibility, Traffic, Safety","busy (18), safe (15), tidy (9), near (6), good (6), messy (3), dead (3), dark (3)",105
Wandsworth,Putney Bridge Station (Stop FC),Transit Station,51.46782109999999,-0.209055,4.0,0.5291434129079183,0.0,1.0,0.0,Maintenance,"old (9), good (3)",5
Wandsworth,Putney Bridge,Subway Station,51.4679691,-0.2089232,4.3,0.5795794407526652,0.0,0.6,0.4,"Maintenance, Atmosphere, Aesthetics, Accessibility, General, Comfort, Traffic, Safety, Cleanliness","good (27), safe (21), clean (15), busy (12), old (9), accessible (9), easy (9), near (9), pleasant (9), walking (6), noisy (3), lovely (3)",97
Wandsworth,Putney Bridge,Transit Station,51.4684158,-0.2106206,5.0,0.0,0.0,0.0,0.0,,,1
Wandsworth,Clapham South,Subway Station,51.45277649999999,-0.1478127,4.2,0.6195572336514791,0.0,0.4666666666666667,0.5333333333333333,"Maintenance, Aesthetics, Cleanliness","old (9), tidy (6), charming (3), noisy (3), parking (3)",83
Wandsworth,Putney Station,Transit Station,51.4609999,-0.216648,3.8,0.6870104432106018,0.0,0.2,0.8,"Accessibility, General, Comfort, Safety, Cleanliness","good (9), awful (9), tight (9), far (9), convenient (9), great (9), safe (3), noisy (3), near (3), messy (3), busy (1)",21
Wandsworth,Parsons Green,Subway Station,51.4752816,-0.2010216,3.8,0.6617022415002187,0.0,0.4,0.6,"Maintenance, Aesthetics, Atmosphere, General, Traffic","old (18), safe (9), pretty (9), good (9), crowded (9), busy (9), charming (9), noisy (6), tidy (3), upgraded (3)",64
Wandsworth,Putney,Train Station,51.4611747,-0.2164213,4.1,0.5414771437644958,0.13333333333333333,0.6666666666666666,0.2,"Maintenance, Atmosphere, Aesthetics, General, Accessibility","great (27), good (24), connected (16), safe (15), crowded (9), excellent (9), central (9), accessible (9), messy (9), pretty (9), bad (9), tidy (6), walking (4)",133
Wandsworth,Balham Station,Transit Station,51.4435638,-0.1524017,3.3,0.6975881457328796,0.0,0.2,0.8,"Maintenance, Atmosphere, Aesthetics, General, Accessibility, Noise, Traffic, Safety, Cleanliness","good (18), busy (12), tidy (12), safe (12), horrible (9), old (9), shouting (9), near (9), dusty (9), wonderful (3), walking (3), clean (3), police (3)",14
Wandsworth,Balham,Subway Station,51.44342169999999,-0.1531109,4.1,0.5110455691814423,0.2,0.6,0.2,"Aesthetics, Atmosphere, Accessibility, General, Traffic","pretty (18), good (18), convenient (9), busy (9), noisy (6), safe (3), dead (3), dark (3), far (3)",49
Wandsworth,Balham,Transit Station,51.44322709999999,-0.1524452,3.8,0.603982937335968,0.13333333333333333,0.4666666666666667,0.4,"Maintenance, Atmosphere, Accessibility, General, Traffic","busy (18), good (18), near (15), bad (9), noisy (9), easy (9), safe (6), tidy (6), terrible (6), new (3), roomy (3), awful (3)",64
Wandsworth,Fulham Broadway,Subway Station,51.48033280000001,-0.1943638,4.3,0.6708887259165446,0.0,0.4,0.6,"Maintenance, Safety, General","good (45), great (9), new (9), old (9), wonderful (9), lovely (6), safe (3)",229
Wandsworth,Wimbledon Park,Subway Station,51.4344081,-0.1993932,4.2,0.634733772277832,0.0,0.4666666666666667,0.5333333333333333,"Maintenance, Aesthetics, General, Cleanliness","clean (18), walking (9), tidy (9), wonderful (9), fantastic (9), good (9), amazing (9), pretty (9), parking (6), roomy (6), busy (3), noisy (3), safe (3), messy (3)",58
Wandsworth,Tooting Bec,Subway Station,51.43552149999999,-0.1595141,4.2,0.5534727772076925,0.2,0.4,0.4,"Atmosphere, Aesthetics, General, Traffic, Cleanliness","busy (18), good (9), clean (9), lovely (9), great (9), tidy (3), roomy (3), safe (3)",74
Wandsworth,Fulham Broadway Retail Centre,Shopping Mall,51.48034029999999,-0.194502,4.2,0.5198129991690318,0.2,0.6,0.2,"Maintenance, Atmosphere, Accessibility, General, Noise, Traffic, Safety, Cleanliness","safe (24), busy (18), tidy (12), great (12), security (9), noisy (9), bad (9), clean (9), new (9), good (9), convenient (9), parking (9), perfect (9), flow (3), near (3)",1310
Wandsworth,Safari Centre,Shopping Mall,51.4802215,-0.1978185,4.8,0.0,0.0,0.0,0.0,,,4
Wandsworth,Crosby Moran Hall,Tourist Attraction,51.4825121,-0.1725873,4.6,0.5250727693239848,0.0,0.6666666666666666,0.3333333333333333,"Aesthetics, Accessibility, General","great (27), safe (15), near (12), beautiful (9), walking (9), lovely (6), parking (6)",71
Wandsworth,West London Islamic Cultural Centre Mosque,Mosque,51.4767083,-0.2019629999999999,4.8,0.4868882238864899,0.2,0.6,0.2,"Maintenance, Aesthetics, Accessibility, General, Comfort, Cleanliness","beautiful (18), safe (15), good (15), clean (12), easy (9), spacious (9), bad (9), inconvenient (9), central (9), broken (9), welcoming (6), near (3), roomy (3), great (3), parking (3), lively (3)",862
Wandsworth,Wimbledon Masjid,Mosque,51.43643300000001,-0.1972162,4.8,0.6132433970769247,0.0,0.4666666666666667,0.5333333333333333,"Aesthetics, General, Comfort, Traffic, Cleanliness","parking (42), good (21), excellent (18), beautiful (18), safe (9), spacious (9), cars (6), clean (6), bad (3)",504
Wandsworth,Go Ape Battersea,Tourist Attraction,51.4756119,-0.1617384,4.6,0.6969331781069438,0.0,0.4,0.6,"Maintenance, Aesthetics, General, Accessibility, Comfort, Noise, Safety, Cleanliness","great (27), safe (12), secure (9), welcoming (9), lovely (9), pretty (9), excellent (9), loud (9), maintained (9), good (6), parking (6), tidy (3), difficult (2)",1904
Wandsworth,"St Mary's Church, Putney",Tourist Attraction,51.4656827,-0.2137317,4.5,0.5142171859741211,0.2,0.7333333333333333,0.06666666666666667,"Maintenance, Atmosphere, Aesthetics, Accessibility, General, Noise, Comfort, Traffic","flow (18), beautiful (9), serene (9), peaceful (9), quiet (9), new (9), lovely (9), welcoming (9), accessible (9), safe (6), tidy (3), amazing (3)",276
Wandsworth,Chelsea FC Museum,Tourist Attraction,51.48269209999999,-0.1915235,4.7,0.712391589085261,0.0,0.4,0.6,"Maintenance, Aesthetics, General","wonderful (9), amazing (9), new (9), disappointing (3), walking (3), safe (3)",2572
Wandsworth,Mount Pond,Natural Feature,51.45662360000001,-0.1503955,4.8,0.4515644643041823,0.3333333333333333,0.6666666666666666,0.0,"Atmosphere, Aesthetics, Accessibility, General","great (18), far (9), good (9), beautiful (9), safe (6), tidy (3), calm (1)",4
Wandsworth,Edgecombe Hall Pond,Natural Feature,51.4458427,-0.2111964,4.5,0.5563360055287679,0.1111111111111111,0.5555555555555556,0.3333333333333333,"Aesthetics, Accessibility","near (12), pretty (9), beautiful (9), tidy (6), lovely (6), lively (5), parking (3), relaxing (3)",8
Wandsworth,Eagle Pond,Natural Feature,51.4560555,-0.1453473,4.3,0.5069638788700104,0.0,1.0,0.0,,,6
Wandsworth,Long Pond,Natural Feature,51.4595874,-0.1427054,4.0,0.5776100854078928,0.08333333333333333,0.5833333333333334,0.3333333333333333,"Atmosphere, Noise, General","relaxing (9), peaceful (9), perfect (9), disappointing (7), safe (3)",5
Wandsworth,Wimbledon Park Lake,Natural Feature,51.4359407,-0.2071219,4.5,0.5124550620714824,0.2,0.7333333333333333,0.06666666666666667,"Maintenance, Aesthetics","lovely (9), parking (6), messy (3), walking (3), good (3), dirty (3), safe (3), old (3)",22
Wandsworth,Cock Pond,Natural Feature,51.4622976,-0.1409762,4.6,0.6502935826778412,0.06666666666666667,0.2,0.7333333333333333,"Aesthetics, General","great (21), good (9), beautiful (9), lovely (3), noisy (3), dead (3), dark (3)",5
Wandsworth,Boating Lake,Natural Feature,51.47796,-0.1523466,4.0,0.5963701208432516,0.0,0.5,0.5,General,great (9),4
Wandsworth,Ladies Pond,Natural Feature,51.4785313,-0.1548287,4.7,0.5807292362054189,0.3333333333333333,0.16666666666666666,0.5,"Aesthetics, General","safe (9), lovely (9), amazing (9)",6
Wandsworth,Putney Heath,Natural Feature,51.450598,-0.2241595,4.7,0.5140126579337649,0.2222222222222222,0.5555555555555556,0.2222222222222222,"Aesthetics, Accessibility, Traffic","walking (12), accessible (9), safe (6), parking (4), tidy (3), lovely (3)",3
Wandsworth,Streatham Cemetery,Cemetery,51.4324299,-0.1764777,4.2,0.6831697205702464,0.06666666666666667,0.2,0.7333333333333333,"Atmosphere, Aesthetics, General, Accessibility, Noise, Traffic","lovely (24), safe (21), peaceful (18), quiet (15), perfect (9), busy (9), great (9), bad (9), good (9), walking (3), near (3), tidy (3)",26
Wandsworth,Moravian Burial Ground,Cemetery,51.4834051,-0.1759775,4.0,0.5098039905230204,0.0,1.0,0.0,"Maintenance, Atmosphere, Noise, Aesthetics","quiet (18), safe (9), modern (9), beautiful (9), lovely (9), pretty (9), tidy (3), relaxing (3)",1
Wandsworth,Barclay Hall Christian Fellowship,Church,51.4793508,-0.1969277,5.0,0.4461480677127838,0.6666666666666666,0.0,0.3333333333333333,General,fantastic (3),3
Wandsworth,"All Saints, Fulham",Church,51.4686111,-0.2116667,4.6,0.7376312732696533,0.0,0.2,0.8,"Maintenance, Aesthetics, Atmosphere, General, Noise","lovely (27), beautiful (27), wonderful (9), old (9), quiet (9), excellent (9), safe (6), walking (3), peaceful (3)",105
Wandsworth,"Our Lady & St Peter RC Church, Wimbledon",Church,51.4472889,-0.2199408,4.8,0.677047610282898,0.0,0.26666666666666666,0.7333333333333333,"Maintenance, Atmosphere, Aesthetics, General, Comfort, Cleanliness","good (30), unattractive (18), lovely (15), tidy (12), modern (9), welcoming (9), clean (9), noisy (3), safe (3), dead (3), cars (3)",54
Wandsworth,"Ascension Church, Balham",Church,51.45070739999999,-0.1494436,4.9,0.7849272688229879,0.0,0.2,0.8,"Atmosphere, Aesthetics, General, Comfort, Noise","welcoming (18), lovely (18), peaceful (12), perfect (9), excellent (9), fantastic (9), safe (9), great (9), gorgeous (9), enjoyable (9), beautiful (9), amazing (9), relaxing (3), good (3), connected (3)",86
Wandsworth,Assemblies of the First Born,Church,51.4725604,-0.1651648,4.8,0.46183590839306515,0.0,1.0,0.0,,"safe (3), peaceful (3), easy (1)",5
Wandsworth,Chelsea London Car Park,Parking,51.4806008,-0.1800169,3.8,0.6055091937383016,0.0,0.4,0.6,"Aesthetics, Accessibility, Comfort, Noise, Traffic, Safety","parking (12), safe (12), cars (9), security (9), pleasant (9), easy (9), beautiful (9), music (9), tight (9), secure (9), walking (6)",57
Wandsworth,CarParkDirect,Parking,51.4644219,-0.213943,3.7,0.5732652604579925,0.13333333333333333,0.4666666666666667,0.4,General,"good (9), cars (6), tidy (3), parking (3), noisy (3)",18
Wandsworth,WWT London Wetland Centre,Tourist Attraction,51.476141,-0.234665,4.6,0.6899072845776876,0.0,0.26666666666666666,0.7333333333333333,"Maintenance, Aesthetics, Atmosphere, General, Accessibility, Comfort, Noise, Traffic","great (27), good (18), stunning (18), peaceful (18), quiet (18), pretty (9), pleasant (9), near (9), far (9), beautiful (9), amazing (9), walking (9), comfortable (9), lovely (6), shouting (3), tidy (3), safe (3), messy (3), lively (3), muddy (3)",3282
Wandsworth,Battersea Park,Park,51.4791075,-0.1564981,4.7,0.7540203531583151,0.0,0.2,0.8,"Aesthetics, Atmosphere, General, Accessibility, Noise, Comfort, Traffic, Safety, Cleanliness","beautiful (45), parking (42), lovely (36), peaceful (24), safe (18), walking (18), stunning (18), good (18), relaxing (16), great (9), vibrant (9), fantastic (9), noisy (9), accessible (9), pleasant (9), music (9), clean (9), active (9), comfortable (9), perfect (7), tidy (6), bikes (6), flow (3), lively (3), wonderful (3)",21329
Wandsworth,Chelsea Physic Garden,Tourist Attraction,51.48491720000001,-0.1627774,4.6,0.793264385064443,0.0,0.13333333333333333,0.8666666666666667,"Aesthetics, Atmosphere, General, Traffic","beautiful (18), lovely (15), tidy (12), good (12), busy (12), safe (12), amazing (9), vibrant (9), calm (9), peaceful (3), dead (3), dark (3), messy (3), noisy (3), walking (3), flow (3)",1928
Wandsworth,Battersea Park Children's Zoo,Zoo,51.4813528,-0.1565835,4.3,0.4993353545665741,0.26666666666666666,0.4666666666666667,0.26666666666666666,"Maintenance, Aesthetics, Accessibility, General, Cleanliness","great (63), beautiful (27), maintained (18), tidy (12), good (12), broken (9), old (9), near (9), clean (9), safe (6), improved (3), messy (3), lovely (3)",2204
Wandsworth,Stockwell Skate Park,Park,51.4660545,-0.1163401,4.5,0.7009037236372629,0.0,0.26666666666666666,0.7333333333333333,"Maintenance, Atmosphere, Accessibility, General, Traffic, Safety","good (33), safe (27), great (27), busy (27), new (18), near (9), fantastic (9), easy (9), tidy (9), lighting (9), perfect (9), bikes (3), noisy (3), parking (3)",300
Wandsworth,Tooting Bec Common,Park,51.4410011,-0.1397635,4.5,0.6030593037605285,0.0,0.5333333333333333,0.4666666666666667,"Maintenance, Aesthetics, Atmosphere, General, Comfort, Traffic, Cleanliness","clean (27), busy (18), beautiful (18), maintained (12), lovely (9), parking (9), good (9), safe (9), great (9), walking (9), cyclists (9), pleasant (9), active (6), dead (3), dark (3), pedestrian (3), messy (3)",3236
Wandsworth,English Gardening School,School,51.4849657,-0.1625689,5.0,0.5346953074137369,0.0,1.0,0.0,Traffic,"flow (3), safe (3)",5
Wandsworth,Leader's Gardens,Park,51.470625,-0.222482,4.4,0.5568363626797994,0.0,0.6,0.4,"Aesthetics, Comfort, General, Accessibility","lovely (27), parking (18), safe (15), pleasant (9), great (9), good (9), near (9), relaxing (3), tidy (3), walking (3), noisy (3)",431
Wandsworth,Victoria Coach Station,Transit Station,51.4922333,-0.1482793,3.4,0.6134917974472046,0.0,0.8,0.2,"Maintenance, Aesthetics, Atmosphere, General, Accessibility, Comfort, Noise, Traffic, Safety, Cleanliness","walking (18), tidy (18), good (18), safe (12), messy (12), busy (9), pleasant (9), horrible (9), shouting (9), security (9), ugly (9), convenient (9), far (9), active (9), clean (6), upgraded (5), dead (3), dark (3), old (3), perfect (3)",984
Wandsworth,Victoria,Transit Station,51.4952103,-0.1438979,4.3,0.5747537036736806,0.0,0.8,0.2,"Maintenance, Aesthetics, Cleanliness","clean (18), beautiful (9), lovely (9), pretty (9), rubbish (9), safe (6), noisy (6), tidy (3), messy (3), active (3), good (3)",4846
Wandsworth,Queens Road Car Park,Transit Station,51.4219086,-0.2033521,2.0,0.6918970048427582,0.0,0.5,0.5,,"noisy (6), busy (3)",5
Wandsworth,Saint George's Road Car Park,Transit Station,51.4203725,-0.2083013,1.5,0.7392106215159099,0.0,0.26666666666666666,0.7333333333333333,"Maintenance, Accessibility, Traffic, Safety, Cleanliness","parking (54), dirty (18), rubbish (18), cars (12), convenient (9), damaged (9), dark (9), good (3), vehicle (3), walking (3), clean (3)",13
Wandsworth,Clapham Common Station,Transit Station,51.4616404,-0.1402519,3.1,0.4845472514629364,0.2,0.6666666666666666,0.13333333333333333,"Maintenance, Atmosphere, Aesthetics, Accessibility, Noise, Traffic, Safety","safe (21), shouting (18), old (9), busy (9), difficult (9), messy (6), tidy (3), updated (3), walking (3), noisy (3), easy (1)",16
Wandsworth,Duke of York Square,Shopping Mall,51.4914045,-0.1597764,4.5,0.5989918768405914,0.2,0.4,0.4,"Maintenance, Aesthetics, General, Traffic, Cleanliness","amazing (18), good (12), charming (9), clean (9), great (9), relaxing (6), safe (3), flow (3)",4179
Wandsworth,Tandem Centre,Shopping Mall,51.4138525,-0.1777389,4.2,0.6751657247543335,0.0,0.2,0.8,"Maintenance, Atmosphere, Accessibility, General, Comfort, Traffic, Cleanliness","good (36), great (18), near (18), parking (18), safe (9), neat (9), new (9), vibrant (9), welcoming (9), pleasant (9), maintained (9), clean (9), relaxing (3), walking (3)",3686
Wandsworth,Wimbledon Quarter,Shopping Mall,51.4214084,-0.2049002,4.0,0.5070917963981628,0.2,0.6,0.2,"Maintenance, Atmosphere, Aesthetics, Accessibility, Noise, Comfort, Traffic, Cleanliness","parking (15), quiet (9), inviting (9), beautiful (9), clean (9), modern (9), difficult (9), pretty (9), cars (6), tidy (6), safe (3), damaged (3), new (3)",5259
Wandsworth,Victoria Place,Shopping Mall,51.49471020000001,-0.14589,4.1,0.5107713103294372,0.2,0.4666666666666667,0.3333333333333333,"Atmosphere, Aesthetics, Accessibility, General, Comfort, Traffic","good (18), attractive (9), great (9), central (9), poor (9), comfortable (9), busy (9)",5749
Wandsworth,Broadway Shopping Centre,Shopping Mall,51.4922124,-0.2245587,4.0,0.7046086112658183,0.0,0.4,0.6,"Aesthetics, Accessibility, General, Noise, Traffic, Safety, Cleanliness","music (27), near (21), security (18), great (18), lovely (12), safe (12), good (12), tidy (9), disappointing (9), convenient (9), parking (9), perfect (9), loud (9), screaming (9), clean (9), poor (6), pretty (6), beautiful (3), noisy (3), walking (3), messy (3), busy (3)",3206
Wandsworth,Gloucester Arcade,Shopping Mall,51.4947723,-0.1838469,4.1,0.5598857939243317,0.2,0.4,0.4,"Accessibility, Cleanliness, General, Traffic","good (27), great (18), terrible (9), safe (9), bad (9), clean (9), easy (9), flow (3)",1212
Wandsworth,Bella Shopping Centre,Shopping Mall,51.4845422,-0.2020869,3.9,0.6815898140271505,0.0,0.2,0.8,"Maintenance, Aesthetics, General, Comfort, Cleanliness","good (27), lovely (12), clean (9), welcoming (9), noisy (3)",37
Wandsworth,Natural History Museum,Museum,51.49671499999999,-0.1763672,4.7,0.6611978987852732,0.2,0.2,0.6,"Atmosphere, Aesthetics, General, Accessibility, Comfort, Traffic","safe (21), great (18), stunning (18), perfect (16), amazing (9), poor (9), fantastic (9), messy (9), enjoyable (9), vibrant (9), busy (9), good (6), lovely (3), noisy (3), walking (3), near (2)",28632
Wandsworth,Victoria and Albert Museum,Tourist Attraction,51.4966392,-0.17218,4.7,0.8717162807782491,0.0,0.0,1.0,"Aesthetics, Atmosphere, General","great (18), safe (15), lovely (10), fantastic (9), beautiful (9), wonderful (9), attractive (9), stunning (9), messy (6), walking (3), roomy (3), tidy (3), calm (3), cars (3), cozy (3)",60140
Wandsworth,Saatchi Gallery,Art Gallery,51.4906972,-0.1587165,4.5,0.5945033152898153,0.0,0.6666666666666666,0.3333333333333333,"Maintenance, Aesthetics, Accessibility, General, Comfort","new (27), good (18), safe (12), lovely (12), accessible (9), welcoming (9), beautiful (9), great (9), messy (3)",8993
Wandsworth,Royal Albert Hall,Tourist Attraction,51.5009088,-0.177366,4.8,0.7714526971181234,0.0,0.0,1.0,"Maintenance, Atmosphere, Aesthetics, General, Noise, Comfort, Cleanliness","great (36), music (27), good (21), fantastic (18), safe (12), clean (9), beautiful (9), comfortable (9), loud (9), quiet (9), lovely (9), dead (3), walking (3), disappointing (3), crowded (3), roomy (3), lighting (1)",41517
Wandsworth,Holy Trinity Brompton,Tourist Attraction,51.4978016,-0.169831,4.8,0.8900193770726522,0.0,0.0,1.0,"Maintenance, Noise, Accessibility, General","wonderful (18), central (9), fantastic (9), music (9), new (9), safe (3), lighting (3), lovely (3)",930
Wandsworth,New Covent Garden Market,Tourist Attraction,51.4801414,-0.1389138,4.2,0.49533601601918537,0.26666666666666666,0.5333333333333333,0.2,"Aesthetics, Atmosphere, Accessibility, General, Traffic","flow (21), amazing (18), good (15), parking (15), pretty (9), cars (9), messy (9), busy (9), easy (9), beautiful (9), walking (6), tidy (6), safe (3), convenient (3), calm (3), cozy (3)",449
Wandsworth,All England Lawn Tennis & Croquet Club,Tourist Attraction,51.4342911,-0.2144883,4.8,0.7184000313282013,0.0,0.26666666666666666,0.7333333333333333,"Maintenance, Aesthetics, General, Comfort, Traffic","beautiful (18), walking (12), amazing (9), modern (9), safe (9), old (9), noisy (9), great (9), enjoyable (9), perfect (9), lovely (4), charming (3)",10105
Wandsworth,National Army Museum,Tourist Attraction,51.486405,-0.1604413,4.5,0.642718517780304,0.0,0.6,0.4,"Maintenance, Atmosphere, General","safe (18), good (18), great (18), excellent (9), modern (9), noisy (3), messy (3)",2628
Wandsworth,the Design Museum,Museum,51.4998973,-0.2002439999999999,4.4,0.6161774635314942,0.0,0.4,0.6,"Maintenance, Aesthetics, Atmosphere, General, Comfort, Traffic, Cleanliness","great (36), clean (18), good (15), safe (12), walking (12), beautiful (9), spacious (9), maintained (9), excellent (9), busy (9), wonderful (9), parking (3), tidy (3)",12017
Wandsworth,London Oratory,Tourist Attraction,51.4970748,-0.1695205,4.7,0.84045330286026,0.0,0.0,1.0,"Atmosphere, Noise, General, Aesthetics","beautiful (45), music (18), safe (15), peaceful (12), stunning (9), quiet (9), amazing (9), lovely (6), messy (3), walking (3), lighting (3), tidy (3), good (3)",1334
Wandsworth,Leighton House,Museum,51.4986897,-0.2030209,4.6,0.6757168789704641,0.0,0.2,0.8,"Aesthetics, General","stunning (18), good (15), amazing (9), beautiful (9), roomy (6), safe (3), messy (3), peaceful (3)",1481
Wandsworth,Boating Lake,Natural Feature,51.4796017,-0.1523555,4.8,0.4322740369372898,0.3333333333333333,0.6666666666666666,0.0,"Comfort, General","pleasant (9), great (6), safe (3)",6
Wandsworth,7 Post Pond,Natural Feature,51.44522629999999,-0.2228766,4.3,0.5259234971470303,0.0,0.6666666666666666,0.3333333333333333,"Atmosphere, Noise, General","great (9), quiet (1)",3
Wandsworth,King's Mere,Natural Feature,51.4450082,-0.2296253,5.0,0.4499528970983293,0.3333333333333333,0.6666666666666666,0.0,"Atmosphere, Noise, Accessibility","central (9), peaceful (9), safe (3), walking (3)",3
Wandsworth,Scio Pond,Natural Feature,51.44627149999999,-0.2339071,4.2,0.49718473354975384,0.0,1.0,0.0,"Atmosphere, Noise, Aesthetics, Cleanliness","clean (9), peaceful (9), lovely (9)",5
Wandsworth,Curling Pond,Natural Feature,51.4434794,-0.2351696,5.0,0.6501981417338053,0.0,0.3333333333333333,0.6666666666666666,"Atmosphere, Noise, General","peaceful (9), perfect (7)",1
Wandsworth,Hookhamslade Pond,Natural Feature,51.4317601,-0.2291951,5.0,0.42260272800922394,0.5,0.5,0.0,"Atmosphere, Noise",quiet (9),3
Wandsworth,Queen's Mere,Natural Feature,51.43810149999999,-0.2372826,5.0,0.6848747928937277,0.0,0.5,0.5,Aesthetics,pretty (9),2
Wandsworth,The Pickle,Natural Feature,51.4134116,-0.1804673,4.5,0.27489086985588074,1.0,0.0,0.0,,good (3),2
Wandsworth,Rushmere Pond,Natural Feature,51.4250024,-0.2243213,4.7,0.6267096757888794,0.06666666666666667,0.26666666666666666,0.6666666666666666,"Maintenance, Aesthetics, Atmosphere, Accessibility, General, Comfort, Traffic, Safety","great (33), safe (18), near (15), parking (12), lovely (9), walking (9), amazing (9), serene (9), inviting (9), vibrant (9), charming (9), relaxing (3), tidy (3), good (3)",16
Wandsworth,Barnes Pond,Natural Feature,51.4731208,-0.2468688,4.9,0.7316104809443156,0.06666666666666667,0.2,0.7333333333333333,"Aesthetics, Atmosphere, General","lovely (18), amazing (15), good (9), charming (9), great (9), perfect (7), relaxing (7), parking (3), safe (3), tidy (3)",46
Wandsworth,Brompton Cemetery,Cemetery,51.4840418,-0.1898014,4.7,0.6271866103013356,0.06666666666666667,0.26666666666666666,0.6666666666666666,"Aesthetics, Atmosphere, Accessibility, General, Noise","beautiful (27), lovely (12), walking (12), inaccessible (9), peaceful (9), parking (9), gorgeous (9), amazing (9), far (9), safe (6), calm (3), bikes (3)",392
Wandsworth,Putney Vale Cemetery and Crematorium,Cemetery,51.44085169999999,-0.2392353,4.1,0.6367450535297394,0.0,0.6,0.4,"Maintenance, Aesthetics, Atmosphere, General, Accessibility, Noise, Traffic, Cleanliness","lovely (15), fantastic (9), tidy (9), wonderful (9), quiet (9), maintained (9), walking (9), noisy (6), beautiful (6), messy (3)",45
Wandsworth,Lambeth Cemetery and Crematorium,Cemetery,51.428036,-0.180223,3.7,0.5687974313894908,0.0,0.8,0.2,"Maintenance, Aesthetics, Atmosphere, Accessibility, General, Noise, Traffic, Cleanliness","new (18), easy (18), dead (18), flow (15), lovely (12), tidy (12), far (9), beautiful (9), loud (9), dirty (9), awful (9), walking (9), safe (3), messy (3), good (3), connected (3), clean (3)",40
Wandsworth,Margravine Cemetery,Cemetery,51.4888004,-0.2154066000000001,4.4,0.632634303967158,0.0,0.4,0.6,"Maintenance, Atmosphere, Aesthetics, General, Noise, Traffic, Cleanliness","walking (36), beautiful (18), poor (18), noisy (12), calm (9), busy (9), maintained (9), dead (9), quiet (9), safe (9), dirty (9), neglected (9), broken (9), pretty (9), gorgeous (9), great (9), excellent (9), tidy (6), far (3), flow (3), parking (3), old (3)",63
Wandsworth,Fulham Cemetery,Cemetery,51.479901,-0.2170328,4.1,0.5872011562188466,0.13333333333333333,0.3333333333333333,0.5333333333333333,"Maintenance, Atmosphere, Aesthetics, General, Accessibility, Noise, Comfort, Safety","beautiful (27), wonderful (27), quiet (24), walking (12), noisy (9), safe (9), lovely (9), peaceful (9), great (9), vibrant (9), police (9), pleasant (9), new (9), remote (9), tidy (3), far (3), flow (3), protected (3)",18
Wandsworth,Catacombs,Cemetery,51.4845313,-0.1903399,5.0,0.0,0.0,0.0,0.0,,,1
Wandsworth,Gap Road Cemetery,Cemetery,51.429333,-0.1948589,4.6,0.5197859605153402,0.08333333333333333,0.75,0.16666666666666666,"Maintenance, Atmosphere, Aesthetics, General, Noise, Cleanliness","peaceful (15), calm (9), quiet (9), maintained (9), walking (3), noisy (3), lovely (3), good (2)",10
Wandsworth,Fulham Road Jewish Cemetery,Cemetery,51.4895023,-0.1751934,4.7,0.4299103667338689,0.3333333333333333,0.6666666666666666,0.0,"Maintenance, Aesthetics, Accessibility, Noise, Cleanliness","dusty (9), isolated (9), silent (9), old (9), charming (9), busy (6), safe (6), lovely (3)",3
Wandsworth,Barnes Cemetery,Cemetery,51.47100649999999,-0.2348770000000001,4.6,0.5970357616742452,0.0,0.6,0.4,"Maintenance, Atmosphere, Aesthetics, General, Accessibility, Noise, Traffic, Safety","safe (33), dark (27), old (18), peaceful (18), beautiful (18), perfect (16), good (15), walking (12), lovely (12), tidy (9), plain (9), far (9), lighting (3), messy (3), charming (3), noisy (3)",16
Wandsworth,Royal Hospital Burial Ground,Cemetery,51.4888853,-0.1564482,4.5,0.8276699781417847,0.0,0.2222222222222222,0.7777777777777778,"Aesthetics, General","elegant (9), bad (6), amazing (6), safe (3)",4
Wandsworth,Putney Lower Common Cemetery Chapel,Church,51.4693106,-0.2324493,4.3,0.585788236061732,0.2,0.2,0.6,"Maintenance, Aesthetics, Accessibility, General, Cleanliness","beautiful (9), neglected (9), lovely (9), old (9), great (9), good (9), safe (3), near (3)",12
Wandsworth,Brixton Baptist Church,Church,51.4617715,-0.1253771,4.4,0.6136273960272471,0.0,0.5333333333333333,0.4666666666666667,"Comfort, Accessibility, General","easy (9), amazing (9), wonderful (9), welcoming (9), cozy (6), ugly (3), busy (3), walking (3), noisy (3), calm (3), cars (3)",29
Wandsworth,Old Church,Church,51.4392651,-0.1481993,5.0,0.5099586645762125,0.0,1.0,0.0,"Maintenance, General","old (18), great (9)",3
Wandsworth,Yahweh Christian Fellowship,Church,51.429267,-0.1765508,4.7,0.7847216606140137,0.0,0.13333333333333333,0.8666666666666667,"Aesthetics, Comfort, Safety, General","great (27), lovely (15), messy (15), welcoming (12), security (9), safe (3)",23
Wandsworth,Universal Pentecostal Church (TPM) - Brixton,Church,51.4610304,-0.1174764,4.9,0.7157331148783366,0.13333333333333333,0.13333333333333333,0.7333333333333333,"Maintenance, General","old (9), new (9), amazing (9), safe (6), messy (6), lighting (3), lovely (3)",76
Wandsworth,St Luke's & Christ Church,Church,51.48954519999999,-0.1695538,4.6,0.6686479389667511,0.0,0.4666666666666667,0.5333333333333333,"Aesthetics, Atmosphere, General","good (9), stunning (9), wonderful (9), beautiful (9), active (9), peaceful (3), parking (3)",194
Wandsworth,Stockwell Methodist Church,Church,51.4712475,-0.127443,4.7,0.649107340309355,0.3333333333333333,0.0,0.6666666666666666,"Comfort, General","amazing (9), uncomfortable (9), great (9), excellent (9), messy (3), tidy (3), improved (3)",7
Wandsworth,"St Michael's Church, Stockwell",Church,51.4718151,-0.1171296,4.6,0.5977068662643432,0.13333333333333333,0.13333333333333333,0.7333333333333333,"Atmosphere, General","great (9), good (3), calm (3), relaxing (2), lovely (1)",13
Wandsworth,"Holy Trinity Church, Sloane Square",Tourist Attraction,51.4931357,-0.1575201,4.7,0.7751253604888916,0.0,0.2,0.8,"Maintenance, Aesthetics, Atmosphere, General, Noise, Traffic, Safety","beautiful (48), great (18), amazing (18), police (9), peaceful (9), busy (9), flow (9), music (9), safe (6), lovely (3), old (3), fantastic (3)",252
Wandsworth,Russian Orthodox Cathedral of the Dormition,Tourist Attraction,51.5006178,-0.1692824,4.8,0.7800633509953817,0.0,0.2,0.8,"Atmosphere, Aesthetics, Accessibility, General, Noise","beautiful (36), lovely (15), calm (11), crowded (9), quiet (9), far (9), relaxing (9), easy (9), messy (8), amazing (6)",798
Wandsworth,"St Mark's Coptic Orthodox Church, London",Church,51.49714969999999,-0.1945935,4.9,0.7252273420492809,0.06666666666666667,0.13333333333333333,0.8,"Maintenance, Atmosphere, General, Accessibility, Comfort, Traffic","welcoming (33), great (18), wonderful (9), active (9), connected (9), messy (4), safe (3)",147
Wandsworth,Ruach City Church - Streatham Hill,Church,51.4404476,-0.1258809,4.7,0.793931245803833,0.0,0.2,0.8,"General, Accessibility","amazing (33), disappointing (18), noisy (9), good (9), accessible (9), maintained (6), safe (3), great (3), lively (2)",109
Wandsworth,Chelsea Bridge Wharf Car Park,Parking,51.48153560000001,-0.1484777,4.0,0.5969227453072866,0.13333333333333333,0.4666666666666667,0.4,"Maintenance, Aesthetics, Accessibility, General, Noise, Traffic, Safety, Cleanliness","parking (48), cars (27), good (24), near (21), terrible (18), security (9), modern (9), beautiful (9), amazing (9), noisy (9), worst (9), shouting (9), messy (9), awful (9), clean (6), tidy (3), protected (3)",75
Wandsworth,Kensington High Street Car Park - Saba Parking,Parking,51.5011909,-0.194716,3.4,0.6672094702720642,0.0,0.3333333333333333,0.6666666666666666,"Maintenance, General, Accessibility, Traffic, Safety, Cleanliness","cars (36), broken (18), parking (12), near (12), good (9), new (9), great (9), easy (9), noisy (9), unsafe (9), dirty (9), messy (6), tidy (3), safe (3)",90
Wandsworth,Q-Park Pimlico,Parking,51.490134,-0.146518,4.1,0.601754512389501,0.2,0.4,0.4,"Maintenance, Accessibility, General, Comfort, Traffic, Cleanliness","parking (30), cars (12), bad (9), maintained (9), fantastic (9), difficult (9), tight (9), good (9), poor (9), clean (6), safe (6), relaxing (3)",243
Wandsworth,Nell Gwynn Garages,Parking,51.4923009,-0.1649527,3.0,0.7412679145733515,0.0,0.25,0.75,"Maintenance, Comfort, General, Traffic","cars (36), good (18), noisy (9), comfortable (9), bad (9), damaged (7), tidy (6), parking (6), roomy (3), poor (3), messy (3), easy (1)",5
Wandsworth,Kensington Parking Center,Parking,51.49372550000001,-0.1780147,4.3,0.6249746700127919,0.0,0.4,0.6,"Aesthetics, Accessibility, General, Traffic, Safety","parking (75), safe (30), vehicle (18), great (18), easy (15), cars (12), lovely (9), secure (9), security (9), tidy (6), dead (3), dark (3)",222
Wandsworth,Wimbledon Bridge Car Park,Parking,51.4197907,-0.2066506,3.4,0.4958423654238383,0.06666666666666667,0.7333333333333333,0.2,"Maintenance, Accessibility, General, Traffic, Cleanliness","good (27), parking (18), safe (15), tidy (12), busy (9), far (9), new (9), maintained (9), noisy (9), rubbish (9), bad (9), broken (9), cars (8)",43
Wandsworth,Car Park Hartfield Road - Wimbledon,Parking,51.4191485,-0.2045376,3.6,0.5759644031524658,0.2,0.26666666666666666,0.5333333333333333,"Atmosphere, Accessibility, General, Traffic, Safety","parking (54), safe (24), tidy (21), bad (18), cars (15), busy (9), good (9), excellent (9), near (9), risky (3), noisy (3)",159
Wandsworth,Chelsea Cloisters Car Park,Parking,51.4927243,-0.167165,3.2,0.5327807843685151,0.0,0.9333333333333333,0.06666666666666667,"Safety, Comfort, Accessibility, Traffic","cars (57), parking (19), tidy (18), tight (9), noisy (9), easy (9), near (6), damaged (3), safe (3)",40
Wandsworth,NCP London Knightsbridge,Parking,51.497898,-0.1579859,3.8,0.7214546740055084,0.0,0.2,0.8,"Maintenance, Atmosphere, Accessibility, General, Traffic, Safety, Cleanliness","parking (42), cars (36), security (27), easy (18), convenient (18), safe (15), near (12), great (9), new (9), noisy (9), damaged (9), empty (9), secure (9), driving (9), clean (6), tidy (3), good (3), perfect (3)",204
